leaked_bits,sigma,m,runs,cnn_hnp_recoveries,cnn_hnp_success_rate,oracle_hnp_recoveries,oracle_hnp_success_rate,mean_cnn_test_bit_accuracy,mean_cnn_test_prefix_accuracy,mean_cnn_hnp_runtime_seconds,mean_oracle_hnp_runtime_seconds
8,0.0,40,100,0,0.0,0,0.0,0.997999997138977,0.9845000046491623,0.056014125174579744,0.05643825751000918
8,0.05,40,100,0,0.0,0,0.0,0.9970937472581863,0.9770000058412552,0.056425228249968505,0.05636964264001449
8,0.1,40,100,0,0.0,0,0.0,0.9959062451124191,0.9675000047683716,0.056230553097573584,0.05669205263000549
8,0.15,40,100,0,0.0,0,0.0,0.989781249165535,0.9244999998807907,0.056131036727275714,0.0566798837700037
8,0.2,40,100,0,0.0,0,0.0,0.9702812498807907,0.7959999999403954,,0.05647591568999701
10,0.0,40,100,61,0.61,100,1.0,0.9977500021457673,0.9787500035762787,0.05721601137703728,0.05759235761999776
10,0.05,40,100,51,0.51,100,1.0,0.9974250024557114,0.9750000041723251,0.057367517666646155,0.05766363888001138
10,0.1,40,100,47,0.47,100,1.0,0.9966250032186508,0.9670000034570694,0.05727489942551848,0.05769668583000339
10,0.15,40,100,6,0.06,100,1.0,0.9902250093221664,0.9079999995231628,0.05625184783336105,0.057522037559981525
10,0.2,40,100,0,0.0,100,1.0,0.9713250118494033,0.7639999985694885,,0.057657825519991095
12,0.0,40,100,69,0.69,100,1.0,0.9984999966621398,0.9827500015497208,0.05717202417393152,0.05766306869999653
12,0.05,40,100,44,0.44,100,1.0,0.9974791574478149,0.970000006556511,0.05708684722728208,0.05759171628999184
12,0.1,40,100,33,0.33,100,1.0,0.9969791573286056,0.965000005364418,0.05717528139392457,0.05774280739001028
12,0.15,40,100,4,0.04,100,1.0,0.990833328962326,0.8999999982118606,0.056671095750061795,0.057658363469990946
12,0.2,40,100,0,0.0,100,1.0,0.9705833351612091,0.7160000002384186,,0.05770113290998438
14,0.0,40,100,70,0.7,100,1.0,0.998678570985794,0.9835000026226044,0.057741996928575644,0.05759039066999776
14,0.05,40,100,49,0.49,100,1.0,0.9979642862081528,0.9722500044107437,0.05719535461224839,0.057651609780008356
14,0.1,40,100,40,0.4,100,1.0,0.9968571418523788,0.9570000046491622,0.05745917727498977,0.057639599550000184
14,0.15,40,100,3,0.03,100,1.0,0.9914285677671433,0.8897500014305115,0.057568630333397174,0.05770439459000272
14,0.2,40,100,0,0.0,100,1.0,0.9698035746812821,0.6782499954104424,,0.05778815772000712
