stage,status,metric,value,reference
dataset,PASS,samples,160,160
dataset,PASS,train_samples,96,96
dataset,PASS,validation_samples,24,24
dataset,PASS,test_attack_samples,40,40
leakage,PASS,traces,160,160
leakage,PASS,noise_sigma,0.15,profile setting
cnn,PASS,validation_bit_accuracy,0.9965277910232544,measured
cnn,PASS,validation_prefix_accuracy,0.9583333134651184,measured
cnn,PASS,test_predictions,40,40
cnn,PASS,test_bit_accuracy,1.0,measured
cnn,PASS,test_prefix_accuracy,1.0,measured
hnp_oracle,PASS,samples,40,oracle validation
hnp_oracle,PASS,reduction_backend,fpylll,reference run
hnp_oracle,PASS,reduction_executed,True,LLL executed
hnp_oracle,PASS,key_recovered,True,verified against ground truth in reference run
hnp_cnn,PASS,samples,40,CNN attack instance
hnp_cnn,PASS,reduction_backend,fpylll,reference run
hnp_cnn,PASS,reduction_executed,True,LLL executed
hnp_cnn,PASS,key_recovered,True,verified against ground truth in reference run
math,PASS,bridge_modules_passed,4,4
math,PASS,diophantine_modules_passed,5,5
pipeline,PASS,fully_executed,True,fpylll reference run
environment,PASS,fpylll_available,True,fpylll used by the reference run
